0	इस समय माँ बहुत गुस्से में है।
1	सीता बहुत दयालु महसूस कर रहा है।
1	इस समय छात्र बहुत दयालु है।
0	बच्चे आज बहुत चिंतित है।
1	इस समय अध्यापक बहुत खुश है।
0	किसान आज बहुत उदास है।
0	गीता बहुत आलसी महसूस कर रहा है।
1	इस समय किसान बहुत खुश है।
1	मोहन बहुत दयालु महसूस कर रहा है।
1	इस समय बच्चे बहुत खुश है।
0	बच्चे बहुत क्रोधित महसूस कर रहा है।
1	पिता बहुत संतुष्ट महसूस कर रहा है।
1	डॉक्टर बहुत दयालु महसूस कर रहा है।
0	माँ आज बहुत आलसी है।
1	गीता आज बहुत खुश है।
1	मोहन आज बहुत आशावादी है।
0	इस समय किसान बहुत गुस्से में है।
0	राम बहुत आलसी महसूस कर रहा है।
0	अध्यापक बहुत उदास महसूस कर रहा है।
0	डॉक्टर आज बहुत गुस्से में है।
1	अध्यापक बहुत आशावादी महसूस कर रहा है।
0	राम बहुत निराश महसूस कर रहा है।
0	डॉक्टर बहुत क्रोधित महसूस कर रहा है।
0	किसान बहुत उदास महसूस कर रहा है।
0	गीता आज बहुत गुस्से में है।
1	सीता बहुत आशावादी महसूस कर रहा है।
1	किसान आज बहुत संतुष्ट है।
0	माँ आज बहुत निराश है।
1	बच्चे बहुत उत्साहित महसूस कर रहा है।
1	इस समय डॉक्टर बहुत आशावादी है।
1	इस समय माँ बहुत दयालु है।
1	इस समय माँ बहुत उत्साहित है।
0	गीता आज बहुत क्रोधित है।
1	इस समय माँ बहुत आशावादी है।
1	इस समय गीता बहुत मेहनती है।
0	बच्चे बहुत उदास महसूस कर रहा है।
0	इस समय माँ बहुत चिंतित है।
0	बच्चे बहुत आलसी महसूस कर रहा है।
1	पिता बहुत उत्साहित महसूस कर रहा है।
0	इस समय माँ बहुत आलसी है।
0	किसान आज बहुत क्रोधित है।
0	इस समय छात्र बहुत क्रोधित है।
0	इस समय छात्र बहुत गुस्से में है।
1	माँ बहुत संतुष्ट महसूस कर रहा है।
0	अध्यापक आज बहुत गुस्से में है।
1	डॉक्टर आज बहुत दयालु है।
1	डॉक्टर आज बहुत संतुष्ट है।
0	गीता बहुत गुस्से में महसूस कर रहा है।
0	अध्यापक आज बहुत उदास है।
1	माँ बहुत उत्साहित महसूस कर रहा है।
0	बच्चे आज बहुत क्रोधित है।
0	इस समय मोहन बहुत उदास है।
0	राम आज बहुत निराश है।
0	इस समय राम बहुत आलसी है।
1	दोस्त आज बहुत आशावादी है।
1	इस समय राम बहुत उत्साहित है।
1	इस समय डॉक्टर बहुत उत्साहित है।
0	पिता आज बहुत गुस्से में है।
0	माँ आज बहुत क्रोधित है।
0	इस समय माँ बहुत क्रोधित है।
0	अध्यापक बहुत चिंतित महसूस कर रहा है।
1	इस समय पिता बहुत उत्साहित है।
1	सीता आज बहुत दयालु है।
1	गीता बहुत दयालु महसूस कर रहा है।
0	इस समय अध्यापक बहुत क्रोधित है।
0	राम बहुत चिंतित महसूस कर रहा है।
1	इस समय राम बहुत दयालु है।
0	अध्यापक बहुत आलसी महसूस कर रहा है।
0	मोहन बहुत उदास महसूस कर रहा है।
1	राम बहुत खुश महसूस कर रहा है।
0	इस समय दोस्त बहुत क्रोधित है।
0	इस समय सीता बहुत निराश है।
0	इस समय सीता बहुत आलसी है।
0	इस समय माँ बहुत उदास है।
0	छात्र आज बहुत क्रोधित है।
0	इस समय बच्चे बहुत आलसी है।
1	बच्चे बहुत खुश महसूस कर रहा है।
1	इस समय दोस्त बहुत खुश है।
1	माँ बहुत आशावादी महसूस कर रहा है।
1	बच्चे आज बहुत आशावादी है।
1	छात्र आज बहुत दयालु है।
1	इस समय बच्चे बहुत मेहनती है।
1	इस समय मोहन बहुत खुश है।
0	इस समय मोहन बहुत आलसी है।
0	राम आज बहुत क्रोधित है।
0	राम आज बहुत चिंतित है।
0	किसान बहुत आलसी महसूस कर रहा है।
1	गीता आज बहुत संतुष्ट है।
0	मोहन आज बहुत चिंतित है।
1	इस समय दोस्त बहुत मेहनती है।
1	राम आज बहुत संतुष्ट है।
0	माँ आज बहुत उदास है।
0	इस समय दोस्त बहुत गुस्से में है।
0	पिता आज बहुत आलसी है।
1	पिता आज बहुत संतुष्ट है।
0	बच्चे आज बहुत उदास है।
0	इस समय सीता बहुत गुस्से में है।
0	राम बहुत गुस्से में महसूस कर रहा है।
1	दोस्त बहुत संतुष्ट महसूस कर रहा है।
0	इस समय सीता बहुत उदास है।
1	छात्र आज बहुत मेहनती है।
1	इस समय दोस्त बहुत आशावादी है।
0	छात्र आज बहुत गुस्से में है।
1	इस समय अध्यापक बहुत दयालु है।
0	किसान आज बहुत चिंतित है।
1	इस समय अध्यापक बहुत उत्साहित है।
0	दोस्त बहुत चिंतित महसूस कर रहा है।
0	किसान आज बहुत निराश है।
0	इस समय पिता बहुत गुस्से में है।
1	इस समय सीता बहुत खुश है।
1	डॉक्टर बहुत उत्साहित महसूस कर रहा है।
1	बच्चे आज बहुत खुश है।
0	मोहन बहुत क्रोधित महसूस कर रहा है।
0	इस समय डॉक्टर बहुत चिंतित है।
1	इस समय अध्यापक बहुत मेहनती है।
0	इस समय मोहन बहुत क्रोधित है।
1	किसान आज बहुत आशावादी है।
1	किसान आज बहुत मेहनती है।
1	अध्यापक बहुत मेहनती महसूस कर रहा है।
1	इस समय छात्र बहुत खुश है।
0	अध्यापक बहुत निराश महसूस कर रहा है।
0	इस समय डॉक्टर बहुत क्रोधित है।
1	मोहन आज बहुत दयालु है।
1	किसान बहुत दयालु महसूस कर रहा है।
1	इस समय छात्र बहुत संतुष्ट है।
0	गीता बहुत निराश महसूस कर रहा है।
1	किसान बहुत खुश महसूस कर रहा है।
0	पिता बहुत क्रोधित महसूस कर रहा है।
0	इस समय राम बहुत क्रोधित है।
0	राम आज बहुत उदास है।
0	मोहन आज बहुत गुस्से में है।
0	इस समय राम बहुत उदास है।
1	गीता आज बहुत आशावादी है।
1	छात्र बहुत संतुष्ट महसूस कर रहा है।
1	छात्र बहुत उत्साहित महसूस कर रहा है।
0	पिता बहुत चिंतित महसूस कर रहा है।
1	पिता बहुत आशावादी महसूस कर रहा है।
1	डॉक्टर बहुत खुश महसूस कर रहा है।
1	डॉक्टर बहुत मेहनती महसूस कर रहा है।
1	अध्यापक आज बहुत खुश है।
0	दोस्त बहुत गुस्से में महसूस कर रहा है।
0	डॉक्टर बहुत निराश महसूस कर रहा है।
1	छात्र आज बहुत खुश है।
0	बच्चे आज बहुत गुस्से में है।
1	सीता बहुत उत्साहित महसूस कर रहा है।
0	डॉक्टर आज बहुत उदास है।
1	बच्चे आज बहुत मेहनती है।
1	राम बहुत आशावादी महसूस कर रहा है।
0	छात्र बहुत उदास महसूस कर रहा है।
0	इस समय दोस्त बहुत आलसी है।
0	पिता आज बहुत निराश है।
0	छात्र आज बहुत आलसी है।
0	इस समय गीता बहुत क्रोधित है।
1	पिता बहुत मेहनती महसूस कर रहा है।
0	बच्चे आज बहुत निराश है।
1	माँ आज बहुत उत्साहित है।
1	सीता बहुत संतुष्ट महसूस कर रहा है।
0	दोस्त आज बहुत उदास है।
0	किसान आज बहुत गुस्से में है।
0	मोहन बहुत निराश महसूस कर रहा है।
1	इस समय दोस्त बहुत संतुष्ट है।
0	छात्र बहुत निराश महसूस कर रहा है।
0	इस समय सीता बहुत क्रोधित है।
0	पिता बहुत आलसी महसूस कर रहा है।
1	इस समय अध्यापक बहुत आशावादी है।
0	इस समय राम बहुत चिंतित है।
0	इस समय मोहन बहुत चिंतित है।
1	माँ आज बहुत खुश है।
1	इस समय राम बहुत आशावादी है।
1	राम बहुत मेहनती महसूस कर रहा है।
1	माँ आज बहुत दयालु है।
1	राम आज बहुत दयालु है।
0	सीता आज बहुत क्रोधित है।
1	इस समय छात्र बहुत आशावादी है।
0	डॉक्टर आज बहुत क्रोधित है।
0	इस समय अध्यापक बहुत निराश है।
0	माँ बहुत आलसी महसूस कर रहा है।
1	मोहन बहुत आशावादी महसूस कर रहा है।
0	इस समय डॉक्टर बहुत निराश है।
1	डॉक्टर आज बहुत मेहनती है।
0	माँ बहुत उदास महसूस कर रहा है।
0	दोस्त आज बहुत चिंतित है।
0	छात्र बहुत चिंतित महसूस कर रहा है।
1	किसान बहुत मेहनती महसूस कर रहा है।
1	इस समय गीता बहुत खुश है।
1	पिता आज बहुत आशावादी है।
0	पिता बहुत निराश महसूस कर रहा है।
0	राम आज बहुत आलसी है।
0	दोस्त बहुत क्रोधित महसूस कर रहा है।
0	इस समय पिता बहुत निराश है।
0	अध्यापक आज बहुत क्रोधित है।
0	छात्र आज बहुत चिंतित है।
1	दोस्त बहुत उत्साहित महसूस कर रहा है।
1	इस समय किसान बहुत दयालु है।
1	पिता आज बहुत दयालु है।
0	इस समय पिता बहुत आलसी है।
1	दोस्त आज बहुत खुश है।
1	मोहन बहुत मेहनती महसूस कर रहा है।
0	छात्र आज बहुत निराश है।
0	दोस्त आज बहुत गुस्से में है।
1	अध्यापक बहुत दयालु महसूस कर रहा है।
0	इस समय अध्यापक बहुत उदास है।
1	माँ बहुत दयालु महसूस कर रहा है।
1	इस समय सीता बहुत मेहनती है।
1	किसान बहुत संतुष्ट महसूस कर रहा है।
0	इस समय पिता बहुत चिंतित है।
0	इस समय अध्यापक बहुत गुस्से में है।
0	गीता आज बहुत निराश है।
1	इस समय किसान बहुत मेहनती है।
1	इस समय गीता बहुत उत्साहित है।
1	इस समय डॉक्टर बहुत संतुष्ट है।
1	इस समय राम बहुत खुश है।
0	पिता आज बहुत चिंतित है।
0	अध्यापक बहुत क्रोधित महसूस कर रहा है।
0	डॉक्टर आज बहुत निराश है।
1	छात्र बहुत मेहनती महसूस कर रहा है।
0	मोहन आज बहुत क्रोधित है।
0	छात्र आज बहुत उदास है।
0	गीता आज बहुत चिंतित है।
0	मोहन बहुत आलसी महसूस कर रहा है।
0	पिता आज बहुत उदास है।
1	किसान बहुत उत्साहित महसूस कर रहा है।
0	राम बहुत क्रोधित महसूस कर रहा है।
1	किसान आज बहुत उत्साहित है।
0	माँ आज बहुत चिंतित है।
0	मोहन आज बहुत उदास है।
1	गीता बहुत संतुष्ट महसूस कर रहा है।
1	इस समय दोस्त बहुत दयालु है।
0	दोस्त आज बहुत निराश है।
0	सीता आज बहुत गुस्से में है।
1	पिता आज बहुत मेहनती है।
0	छात्र बहुत आलसी महसूस कर रहा है।
1	छात्र आज बहुत आशावादी है।
0	इस समय बच्चे बहुत गुस्से में है।
0	माँ बहुत निराश महसूस कर रहा है।
1	बच्चे बहुत दयालु महसूस कर रहा है।
1	बच्चे आज बहुत संतुष्ट है।
1	दोस्त बहुत मेहनती महसूस कर रहा है।
1	दोस्त आज बहुत संतुष्ट है।
0	छात्र बहुत क्रोधित महसूस कर रहा है।
1	डॉक्टर आज बहुत उत्साहित है।
0	मोहन आज बहुत आलसी है।
0	अध्यापक बहुत गुस्से में महसूस कर रहा है।
1	इस समय माँ बहुत खुश है।
1	गीता बहुत खुश महसूस कर रहा है।
1	पिता आज बहुत उत्साहित है।
1	इस समय डॉक्टर बहुत खुश है।
1	दोस्त आज बहुत दयालु है।
1	इस समय गीता बहुत आशावादी है।
0	माँ आज बहुत गुस्से में है।
1	माँ बहुत खुश महसूस कर रहा है।
1	इस समय अध्यापक बहुत संतुष्ट है।
0	इस समय छात्र बहुत आलसी है।
0	इस समय बच्चे बहुत निराश है।
1	अध्यापक आज बहुत आशावादी है।
0	सीता बहुत क्रोधित महसूस कर रहा है।
0	दोस्त आज बहुत आलसी है।
0	दोस्त बहुत निराश महसूस कर रहा है।
1	इस समय पिता बहुत खुश है।
0	इस समय बच्चे बहुत चिंतित है।
1	सीता बहुत मेहनती महसूस कर रहा है।
1	बच्चे बहुत संतुष्ट महसूस कर रहा है।
0	माँ बहुत चिंतित महसूस कर रहा है।
0	इस समय छात्र बहुत निराश है।
1	किसान बहुत आशावादी महसूस कर रहा है।
0	माँ बहुत गुस्से में महसूस कर रहा है।
0	इस समय गीता बहुत चिंतित है।
1	गीता बहुत आशावादी महसूस कर रहा है।
0	मोहन बहुत गुस्से में महसूस कर रहा है।
1	माँ आज बहुत आशावादी है।
1	माँ आज बहुत मेहनती है।
0	इस समय गीता बहुत निराश है।
1	राम आज बहुत आशावादी है।
0	पिता आज बहुत क्रोधित है।
0	अध्यापक आज बहुत चिंतित है।
0	अध्यापक आज बहुत आलसी है।
1	इस समय सीता बहुत आशावादी है।
1	दोस्त आज बहुत उत्साहित है।
1	दोस्त बहुत खुश महसूस कर रहा है।
0	बच्चे बहुत गुस्से में महसूस कर रहा है।
1	सीता आज बहुत मेहनती है।
1	राम आज बहुत खुश है।
0	डॉक्टर बहुत आलसी महसूस कर रहा है।
1	इस समय किसान बहुत संतुष्ट है।
1	इस समय बच्चे बहुत आशावादी है।
0	किसान बहुत गुस्से में महसूस कर रहा है।
0	इस समय बच्चे बहुत उदास है।
1	सीता आज बहुत आशावादी है।
1	इस समय पिता बहुत मेहनती है।
0	सीता बहुत गुस्से में महसूस कर रहा है।
1	इस समय पिता बहुत आशावादी है।
0	इस समय माँ बहुत निराश है।
0	सीता बहुत आलसी महसूस कर रहा है।
1	राम बहुत दयालु महसूस कर रहा है।
0	गीता बहुत चिंतित महसूस कर रहा है।
0	इस समय किसान बहुत क्रोधित है।
1	इस समय गीता बहुत संतुष्ट है।
0	इस समय डॉक्टर बहुत उदास है।
1	मोहन आज बहुत मेहनती है।
1	बच्चे आज बहुत दयालु है।
0	माँ बहुत क्रोधित महसूस कर रहा है।
0	गीता आज बहुत आलसी है।
1	गीता आज बहुत उत्साहित है।
0	इस समय दोस्त बहुत निराश है।
1	माँ आज बहुत संतुष्ट है।
0	इस समय किसान बहुत निराश है।
1	इस समय किसान बहुत आशावादी है।
0	इस समय गीता बहुत गुस्से में है।
1	गीता आज बहुत दयालु है।
0	इस समय राम बहुत निराश है।
1	डॉक्टर बहुत संतुष्ट महसूस कर रहा है।
0	डॉक्टर बहुत चिंतित महसूस कर रहा है।
1	इस समय गीता बहुत दयालु है।
1	इस समय बच्चे बहुत संतुष्ट है।
0	किसान बहुत निराश महसूस कर रहा है।
1	इस समय छात्र बहुत मेहनती है।
1	इस समय मोहन बहुत उत्साहित है।
0	दोस्त बहुत आलसी महसूस कर रहा है।
1	बच्चे बहुत मेहनती महसूस कर रहा है।
1	छात्र आज बहुत संतुष्ट है।
1	इस समय पिता बहुत संतुष्ट है।
1	किसान आज बहुत दयालु है।
1	अध्यापक आज बहुत दयालु है।
0	सीता बहुत उदास महसूस कर रहा है।
1	किसान आज बहुत खुश है।
1	माँ बहुत मेहनती महसूस कर रहा है।
1	सीता आज बहुत खुश है।
0	इस समय मोहन बहुत निराश है।
0	इस समय डॉक्टर बहुत गुस्से में है।
1	राम बहुत संतुष्ट महसूस कर रहा है।
1	इस समय मोहन बहुत आशावादी है।
0	गीता आज बहुत उदास है।
1	इस समय राम बहुत संतुष्ट है।
0	मोहन आज बहुत निराश है।
1	सीता आज बहुत उत्साहित है।
1	इस समय छात्र बहुत उत्साहित है।
1	इस समय किसान बहुत उत्साहित है।
1	इस समय सीता बहुत दयालु है।
1	सीता बहुत खुश महसूस कर रहा है।
1	दोस्त बहुत दयालु महसूस कर रहा है।
0	सीता बहुत निराश महसूस कर रहा है।
1	डॉक्टर बहुत आशावादी महसूस कर रहा है।
1	गीता बहुत उत्साहित महसूस कर रहा है।
1	गीता आज बहुत मेहनती है।
0	इस समय अध्यापक बहुत आलसी है।
1	राम आज बहुत उत्साहित है।
0	बच्चे बहुत चिंतित महसूस कर रहा है।
0	इस समय छात्र बहुत उदास है।
0	डॉक्टर बहुत उदास महसूस कर रहा है।
1	बच्चे आज बहुत उत्साहित है।
1	राम बहुत उत्साहित महसूस कर रहा है।
0	इस समय किसान बहुत आलसी है।
1	मोहन आज बहुत उत्साहित है।
1	मोहन आज बहुत संतुष्ट है।
0	दोस्त बहुत उदास महसूस कर रहा है।
0	इस समय मोहन बहुत गुस्से में है।
1	अध्यापक बहुत उत्साहित महसूस कर रहा है।
0	इस समय किसान बहुत चिंतित है।
1	अध्यापक आज बहुत मेहनती है।
0	इस समय किसान बहुत उदास है।
1	पिता बहुत दयालु महसूस कर रहा है।
0	इस समय सीता बहुत चिंतित है।
0	सीता आज बहुत चिंतित है।
0	किसान बहुत क्रोधित महसूस कर रहा है।
1	इस समय सीता बहुत उत्साहित है।
0	पिता बहुत गुस्से में महसूस कर रहा है।
0	इस समय बच्चे बहुत क्रोधित है।
1	अध्यापक बहुत संतुष्ट महसूस कर रहा है।
1	मोहन बहुत खुश महसूस कर रहा है।
0	किसान बहुत चिंतित महसूस कर रहा है।
1	डॉक्टर आज बहुत आशावादी है।
1	सीता आज बहुत संतुष्ट है।
1	अध्यापक बहुत खुश महसूस कर रहा है।
1	छात्र बहुत दयालु महसूस कर रहा है।
0	सीता बहुत चिंतित महसूस कर रहा है।
0	इस समय दोस्त बहुत उदास है।
0	किसान आज बहुत आलसी है।
1	इस समय पिता बहुत दयालु है।
1	डॉक्टर आज बहुत खुश है।
0	पिता बहुत उदास महसूस कर रहा है।
1	इस समय माँ बहुत मेहनती है।
0	बच्चे बहुत निराश महसूस कर रहा है।
1	इस समय माँ बहुत संतुष्ट है।
1	इस समय मोहन बहुत दयालु है।
0	इस समय राम बहुत गुस्से में है।
0	दोस्त आज बहुत क्रोधित है।
0	डॉक्टर आज बहुत आलसी है।
0	इस समय दोस्त बहुत चिंतित है।
0	इस समय गीता बहुत आलसी है।
1	राम आज बहुत मेहनती है।
0	इस समय पिता बहुत क्रोधित है।
1	पिता आज बहुत खुश है।
1	इस समय मोहन बहुत संतुष्ट है।
1	मोहन बहुत संतुष्ट महसूस कर रहा है।
0	डॉक्टर बहुत गुस्से में महसूस कर रहा है।
1	इस समय डॉक्टर बहुत दयालु है।
1	इस समय राम बहुत मेहनती है।
1	दोस्त आज बहुत मेहनती है।
0	इस समय गीता बहुत उदास है।
1	मोहन बहुत उत्साहित महसूस कर रहा है।
1	इस समय डॉक्टर बहुत मेहनती है।
0	डॉक्टर आज बहुत चिंतित है।
1	गीता बहुत मेहनती महसूस कर रहा है।
0	अध्यापक आज बहुत निराश है।
1	छात्र बहुत आशावादी महसूस कर रहा है।
0	सीता आज बहुत उदास है।
0	इस समय अध्यापक बहुत चिंतित है।
0	गीता बहुत क्रोधित महसूस कर रहा है।
1	छात्र बहुत खुश महसूस कर रहा है।
0	बच्चे आज बहुत आलसी है।
0	इस समय छात्र बहुत चिंतित है।
1	इस समय बच्चे बहुत दयालु है।
1	बच्चे बहुत आशावादी महसूस कर रहा है।
1	छात्र आज बहुत उत्साहित है।
1	दोस्त बहुत आशावादी महसूस कर रहा है।
0	सीता आज बहुत निराश है।
0	गीता बहुत उदास महसूस कर रहा है।
0	छात्र बहुत गुस्से में महसूस कर रहा है।
1	इस समय बच्चे बहुत उत्साहित है।
0	राम बहुत उदास महसूस कर रहा है।
0	सीता आज बहुत आलसी है।
1	अध्यापक आज बहुत संतुष्ट है।
0	इस समय डॉक्टर बहुत आलसी है।
0	इस समय पिता बहुत उदास है।
0	राम आज बहुत गुस्से में है।
0	मोहन बहुत चिंतित महसूस कर रहा है।
1	इस समय दोस्त बहुत उत्साहित है।
1	पिता बहुत खुश महसूस कर रहा है।
1	मोहन आज बहुत खुश है।
1	अध्यापक आज बहुत उत्साहित है।
1	इस समय सीता बहुत संतुष्ट है।
1	इस समय मोहन बहुत मेहनती है।
